Line #,Name,Description,Designator,Revision ID,Revision State,Revision Status,Quantity,Manufacturer 1,Manufacturer Part Number 1,Manufacturer Lifecycle 1,Supplier 1,Supplier Part Number 1,Supplier Unit Price 1,Supplier Subtotal 1
,0.1uF,CAP CER 0.1UF 50V X7R 0603,"C1, C2, C3, C4, C6",,Unknown server,,5,,,,,,,
,4.7uF,CAP CER 4.7UF 16V X5R 0603,C5,,Unknown server,,1,,,,,,,
,4.7nF,4700 pF ±10% 50V Ceramic Capacitor X7R 0603 (1608 Metric),C7,,Unknown server,,1,,,,,,,
,LTST-C150GKT,LED GREEN CLEAR 1206 SMD,D LED1,,Unknown server,,1,,,,,,,
,Molex-0039281023,Connector Header Through Hole 2 position,J1,,Unknown server,,1,,,,,,,
,Harwin-M20-9980445,"Connector Header Through Hole 8 position 0.100"" (2.54mm)",J2,,Unknown server,,1,,,,,,,
,Harwin-M20-9990246,"Connector Header Through Hole 2 position 0.100"" (2.54mm)","J3, JHarwinA1",,Unknown server,,2,,,,,,,
,"BSS84AK,215","P-Channel 50 V 180mA (Ta) 350mW (Ta), 1.14W (Tc) Surface Mount TO-236AB",Q1,,Unknown server,,1,,,,,,,
,1kOhm,"1 kOhms ±1% 0.1W, 1/10W Chip Resistor 0603 (1608 Metric) Moisture Resistant Thick Film",R1,,Unknown server,,1,,,,,,,
,2k7,"2.7 kOhms Â±5% 0.1W, 1/10W Chip Resistor 0603 (1608 Metric) Moisture Resistant Thick Film",R2,,Unknown server,,1,,,,,,,
,5.6kOhm,Res Thick Film 0603 5.6K Ohm 5% 1/10W ±200ppm/°C Molded SMD Punched Carrier T/R,"R3, R4, R5",,Unknown server,,3,,,,,,,
,8.2kOhm,"8.2 kOhms Â±5% 0.125W, 1/8W Chip Resistor 0805 (2012 Metric) Moisture Resistant Thick Film",R6,,Unknown server,,1,,,,,,,
,Teensy 4.0,RT1062 Teensy 4.0 i.MX ARM® Cortex®-M7 MPU Embedded Evaluation Board,U1,,Unknown server,,1,,,,,,,
,DRV5033FAEDBZRQ1,Digital Switch Omnipolar Switch Open Drain Hall Effect SOT-23-3,U2,,Unknown server,,1,,,,,,,
,TCAN1042HVDR,1/1 Transceiver CANbus 8-SOIC,U3,,Unknown server,,1,,,,,,,
,TCN75AVOA713,"Temperature Sensor Digital, Local -40°C ~ 125°C 11 b 8-SOIC",U4,,Unknown server,,1,,,,,,,
,LMV321IDBVR,General Purpose Amplifier 1 Circuit Rail-to-Rail SOT-23-5,U5,,Unknown server,,1,,,,,,,
